<?xml version="1.0" encoding="UTF-8"?>
<uptime xmlns:xsi="http://www.w3.org/2001/XMLSchema-instance"
        xsi:schemaLocation="http://www.uptimesoftware.com/erdc/erdc erdc"
        xmlns="http://www.uptimesoftware.com/erdc/erdc"
        xmlns:upt="http://www.uptimesoftware.com/erdc/erdc" version="4.0" target_grouping="other">
    <class>Oracle Query Monitor (retain data)</class>
    <exec>com.uptimesoftware.uptime.erdc.MonitorOracleRetained</exec>
    <elements>
        
        <element name="port" parameter_type="input" data_type="integer" gui_basic="1"
                 range_type="0" units="">
            <control_options>size:10</control_options>
            <default_value>1521</default_value>
            <short_description>Database Port</short_description>
            <long_description>Enter the port the up.time datastore is listening on</long_description>
            <validation_rule>
                <alphanumeric/>
            </validation_rule>
            <error_message>
                <alphanumeric>required field</alphanumeric>
            </error_message>
            <gui_type>
                <integer/>
            </gui_type>
        </element>
        
        <element name="username" parameter_type="input" data_type="string" gui_basic="1"
                 range_type="0" units="">
            <control_options>size:10</control_options>
            <default_value></default_value>
            <short_description>Database User</short_description>
            <long_description>Enter a userid with read access to the database</long_description>
            <validation_rule>
                <alphanumeric/>
            </validation_rule>
            <error_message>
                <alphanumeric>required field</alphanumeric>
            </error_message>
            <gui_type>
                <string/>
            </gui_type>
        </element>
        
        <element name="password" parameter_type="input" data_type="string" gui_basic="1"
                 range_type="0" units="">
            <control_options>size:10</control_options>
            <default_value></default_value>
            <short_description>Database Password</short_description>
            <long_description>Enter the password for the userid with read access to the database</long_description>
            <validation_rule>
                <alphanumeric/>
            </validation_rule>
            <error_message>
                <alphanumeric>required field</alphanumeric>
            </error_message>
            <gui_type>
                <string/>
            </gui_type>
        </element>
        
        <element name="sid" parameter_type="input" data_type="string" gui_basic="1" range_type="0">
            <control_options>width:40em</control_options> 
            <default_value /> 
            <short_description>SID</short_description> 
            <long_description>SID to connect to</long_description> 
            <validation_rule /> 
            <error_message /> 
            <gui_type>
                <string /> 
            </gui_type>
        </element>        
        
        <element name="script" parameter_type="input" data_type="string" gui_basic="1"
                 range_type="0" units="">
            <control_options>rows:5,size:50</control_options>
            <default_value/>
            <short_description>Database Query</short_description>
            <long_description>Enter the query to execute against the database</long_description>
            <validation_rule>
                <alphanumeric/>
            </validation_rule>
            <error_message>
                <alphanumeric>required field</alphanumeric>
            </error_message>
            <gui_type>
                <string/>
            </gui_type>
        </element>
        
        <element name="textoutput" parameter_type="output" data_type="string" gui_basic="1" range_type="0">
            <control_options>size:40</control_options>
            <default_value/>
            <short_description>Text Result</short_description>
            <long_description>The (optional) text to look for in the returned data</long_description>
            <validation_rule/>
            <error_message/>                
            <gui_type>                
                <string/>                
            </gui_type>   
        </element>
        
        <element name="numberoutput" parameter_type="output" data_type="integer" gui_basic="1" range_type="0">
            <control_options>size:40</control_options>
            <default_value/>
            <short_description>Numeric Result</short_description>
            <long_description>The (optional) numeric value to evaluate in the returned data</long_description>
            <validation_rule/>
            <error_message/>                
            <gui_type>                
                <integer/>                
            </gui_type>   
        </element>            
        
        <element name="timer" parameter_type="output" data_type="integer" gui_basic="0" range_type="0" units="ms">
            <control_options>size:8</control_options> 
            <default_value /> 
            <short_description>Response time</short_description> 
            <long_description>Response time in ms</long_description> 
            <validation_rule /> 
            <error_message /> 
            <gui_type>
                <integer /> 
            </gui_type>
        </element>        
        
    </elements>
    <help/>
</uptime>
